tag;val
Python;1157
SQL;744
Git;451
Data Analysis;357
Pandas;319
Linux;304
Математическая статистика;262
C++;256
Machine Learning;235
Анализ данных;231
Английский язык;219
MS Excel;197
Numpy;194
Data Mining;183
MATLAB;182
MySQL;176
PostgreSQL;160
Keras;156
Big Data;151
ООП;143
Machine learning;136
Java;133
Matplotlib;132
HTML;118
Статистический анализ;113
Математический анализ;111
R;111
pandas;109
Машинное обучение;105
Работа в команде;104
Математическое моделирование;101
JavaScript;101
MS PowerPoint;100
MS Office;100
PyTorch;92
numpy;92
Data Science;89
C#;89
NLP;87
Scikit-learn;87
CSS;84
NumPy;84
Bash;84
Deep Learning;84
C/C++;83
Tensorflow;77
Sklearn;77
Docker;75
MS SQL;74
sklearn;73
Аналитические исследования;72
Аналитическое мышление;71
Управление проектами;70
Mathematical Statistics;70
TensorFlow;66
Latex;66
Пользователь ПК;64
VBA;63
matplotlib;61
Django Framework;60
scikit-learn;60
ML;59
Spark;57
Flask;57
Базы данных;56
Ответственность;54
Seaborn;53
MongoDB;51
Analytical skills;51
MS Word;49
Adobe Photoshop;49
Pytorch;48
OpenCV;48
Работа с большим объемом информации;48
Hadoop;47
MS SQL Server;47
Грамотная речь;47
Atlassian Jira;47
Обучаемость;44
Tableau;44
machine learning;43
Организаторские навыки;43
PHP;42
Oracle Pl/SQL;42
Работа с базами данных;42
SciPy;41
Прогнозирование;38
Computer Vision;38
Deep learning;38
XGBoost;37
Математическое программирование;37
Jupiter;37
Statistics;36
Project management;35
HTML5;35
Jupyter Notebook;35
Scipy;35
Деловая переписка;34
Scikit-Learn;34
MS Visual Studio;33
Статистика;33
Presentation skills;33
tensorflow;32
Mathcad;32
AutoCAD;32
Power BI;31
Mathematical Analysis;31
MS Access;29
Теория вероятностей;29
seaborn;28
scipy;28
Qt;27
pytorch;27
Нейронные сети;26
Data science;26
keras;26
Коммуникабельность;26
Аналитический склад ума;26
Business Analysis;25
Регрессионный анализ;25
Time Series Analysis;25
Wolfram Matematica;25
Mathematical Modeling;25
Ведение переговоров;25
Написание научных статей;25
Regression Analysis;24
jQuery;24
Научные исследования;24
NoSQL;23
Sas;23
Работоспособность;23
LightGBM;23
Computer vision;23
CatBoost;22
XML;21
машинное обучение;21
Jupyter;21
Scrum;21
UML;21
Neural Networks;21
CNN;20
Visual Studio C#;20
Деловое общение;20
Проведение презентаций;20
C;20
MS Outlook;20
xgboost;19
Линейная алгебра;19
SCALA;19
NLTK;19
.NET Framework;19
Водительское удостоверение категории B;19
Cистемы управления базами данных;18
ORACLE;18
A/B тесты;18
Анализ временных рядов;18
SQLite;18
Natural Language Processing;18
CSS3;18
Statistica;17
Neural networks;17
Hive;17
Bootstrap;17
Управление персоналом;17
Unix;17
Руководство коллективом;16
SVN;16
Бизнес-анализ;16
Аналитика;16
Стрессоустойчивость;15
Исполнительность;15
SPSS;15
Умение работать в команде;15
Internet;15
PySpark;15
Stata;14
Обучение и развитие;14
deep learning;14
Деловая коммуникация;14
JSON API;14
Google Analytics;14
Agile Project Management;14
Подготовка презентаций;14
IBM SPSS;14
Jupyter notebook;14
Kaggle;13
Ориентация на результат;13
Android;13
Теория вероятности;13
Публичные выступления;13
MS Project;13
RNN;13
Разработка ПО;13
Business English;13
MapReduce;13
Mathematical Programming;13
Econometrics;12
Assembler;12
Ajax;12
Научная деятельность;12
MS Visio;12
SQL Server;12
Catboost;12
Microsoft Visual Studio;12
Целеустремленность;12
Data Mining: Statistica;12
Maple;12
Обучение персонала;12
PyCharm;12
data science;11
Software Development;11
Mac Os;11
Redis;11
Оптимизация бизнес-процессов;11
Информационные технологии;11
Data Visualization;11
Поиск информации в интернет;11
Data Mining: Business Analytica;10
CRM;10
computer vision;10
Financial Analysis;10
Разработка технических заданий;10
Transact-SQL;10
REST;10
Plotly;10
SolidWorks;10
hadoop;10
docker;10
PHP5;10
MS Visual Basic;10
Octave;10
Node.js;10
Microsoft Azure;9
Системный анализ;9
API;9
Компас-3D;9
Администрирование серверов Linux;9
Экономический анализ;9
Немецкий язык;9
Research;9
neural networks;9
EViews;9
Cluster Analysis;9
Умение работать в коллективе;9
Adobe Illustrator;9
RStudio;9
Team management;9
MS Visual C++;9
Яндекс.Метрика;9
catboost;9
Алгоритмы;9
Грамотность;9
Time management;9
Преподаватель;9
Delphi;8
Управление командой;8
Google Docs;8
Intellij IDEA;8
Negotiation skills;8
AWS;8
Управленческие навыки;8
Тестирование;8
AI;8
BPMN;8
Креативность;8
Databases;8
Eclipse;8
Xgboost;8
Визуализация данных;8
Random Forest;8
Teamplayer;8
нейронные сети;8
GitHub;8
СУБД;8
Кластерный анализ;8
GAN;8
Fortran;8
ETL;8
Web Application Development;8
Unit Testing;8
Leadership Skills;8
RabbitMQ;7
Data Mining: SPSS;7
Pascal;7
R language;7
Design Patterns;7
Обучение;7
BERT;7
Anaconda;7
Data Scientist;7
Selenium;7
Навыки презентации;7
React;7
SAP;7
Oracle 11G;7
Jenkins;7
Финансовый анализ;7
Исследовательский анализ данных;7
STL;7
Windows 7;7
Pycharm;7
plotly;7
Algorithms;7
Алгоритмы и структуры данных;7
Teamleading;7
EDA;7
Веб-программирование;7
R programming;7
Веб-аналитика;7
ASP.NET;7
Driving Licence B;7
Joomla CMS;6
Borland Delphi;6
Конференции;6
Численные методы;6
Nginx;6
Atlassian Confluence;6
Business intelligence;6
Unity;6
Teradata;6
TCP/IP;6
Risk management;6
iOS;6
1С: Предприятие 8;6
Haskell;6
Визуализация;6
Business Intelligence Systems;6
opencv;6
nltk;6
Communication skills;6
scikit learn;6
Visualisation;6
Gensim;6
ERP;6
Планирование;6
XGboost;6
Эконометрика;6
Системное мышление;6
База данных: Oracle;6
word2vec;6
Предобработка данных;6
Сбор и анализ информации;6
PowerBI;6
Probability Theory;6
Adobe Premier Pro;6
Interpersonal skills;5
Financial Modelling;5
torch;5
CorelDRAW;5
Windows;5
ITIL;5
Perl;5
теория вероятности;5
Быстрая обучаемость;5
Reinforcement learning;5
CMS Wordpress;5
Автоматизация;5
Math;5
Компьютерное зрение;5
Заключение договоров;5
networkx;5
MVC;5
lightgbm;5
Spacy;5
Images Processing;5
Azure;5
Apache Tomcat;5
RapidMiner;5
Access;5
Neural network;5
Gradient Boosting;5
SEO;5
Обработка естественного языка;5
Анализ рынка;5
A/B тестирование;5
Golang;5
R Programming;5
Java SE;5
Анализ финансовых показателей;5
Bloomberg;5
С#;5
Artificial Intelligence;5
Факторный анализ;5
Пунктуальность;5
jupyter notebook;5
Контроль качества;5
Pyspark;5
Text Mining;5
DNN;5
Probability theory;5
Linear Programming;5
SAP ERP;5
CV;5
statsmodels;5
Spring Framework;5
ClickHouse;5
Ruby On Rails;5
Logistic Regression;5
Solid Works;5
Marketing Analysis;5
Market Research;5
Анализ бизнес показателей;5
Подготовка отчетов;5
SAS Guide;5
Python 3;5
Ubuntu;5
Письменный перевод;5
Data visualization;4
Information Technology;4
BigQuery;4
Управленческая отчетность;4
Scikit Learn;4
Shell Scripting;4
Supervised Learning;4
Reinforcement Learning;4
Знание иностранных языков;4
Kanban;4
HTTP;4
Бизнес-планирование;4
WEB аналитика;4
Экономическое моделирование;4
SAS Miner;4
QlikView;4
Регресcионное тестирование;4
NetBeans;4
QA;4
Internet Marketing;4
SAP BI;4
tableau;4
Physics;4
Statsmodels;4
Jira;4
Clustering;4
Autodesk Inventor;4
Ruby;4
Active Directory;4
ANSYS;4
Android SDK;4
Arduino;4
OOP;4
Tensor Flow;4
Olap (online analytical processing);4
ERP Systems;4
Бизнес-моделирование;4
Управление продажами;4
Nltk;4
Data preprocessing;4
Lua;4
Statistical Analysis System;4
Бюджетирование;4
DeepPavlov;4
Scrapy;4
Google Cloud Platform;4
R Studio;4
Маркетинговый анализ;4
Аналитика продаж;4
Парсинг;4
R studio;4
Selenium IDE;4
С++;4
Автоматизация процессов;4
LSTM;4
json;4
gensim;4
Python3;4
Дискретная математика;4
Simulink;4
BeautifulSoup;4
ARIS;4
Teambuilding;4
Simulation Modeling;4
System Analysis;4
Prezi;4
Django;4
PyMystem3;4
Kafka;4
Jupiter Notebook;4
Маркетинговые исследования;4
Decision Trees;4
Grafana;3
ERP-системы на базе 1С;3
Statistical Modeling;3
Vue.js;3
Разработка проектной документации;3
AngularJS;3
Администрирование;3
Лидерские качества;3
CNTK;3
Google Colab;3
CUDA;3
Unigraphics NX;3
Управление качеством;3
Аналитические способности;3
pytest;3
Корпоративные финансы;3
Искусственный интеллект;3
data visualization;3
Знание алгоритмов и структур данных;3
Lenear algebra;3
Временные ряды;3
Hardware;3
Gretl;3
Python Pandas;3
Qlik;3
Lean Production;3
Sass;3
1С программирование;3
QGIS;3
math;3
SMM;3
Отзывчивость;3
Навыки межличностного общения;3
tensor flow;3
Бухгалтерский учет;3
Predictive Analytics;3
Entity Framework;3
Classification;3
Проектный менеджмент;3
Adobe After Effect;3
Технический перевод;3
VMware;3
Linear Regression;3
Оптимизация бизнес процессов;3
JSON;3
feature engineering;3
requests;3
Java EE;3
transformers;3
Проверка гипотез;3
эконометрика;3
1С: Управление Производственным Предприятием;3
Google API;3
Data Engineering;3
визуализация данных;3
Networking;3
Machine Learning (ML);3
Forecasting;3
Mathematics;3
Vkontakte Api;3
tidyverse;3
Математика;3
Artificial intelligence;3
Data Analytics;3
Cisco;3
Методы оптимизации;3
Data Visualisation;3
IDEF;3
Data Cleaning;3
Unix Shell Scripts;3
SAS Enterprise Miner;3
Celery;3
Budgeting;3
Компьютерная лингвистика;3
Легкообучаемость;3
Linear Algebra;3
erWin;3
Impala;3
Probability/Statistics;3
ЕСКД;3
SAP HR;3
Engineering;3
Problem solving;3
ITSM;3
Development;3
SAP Business Objects;3
DWH;3
Анализ инвестиционных проектов;3
Angular;3
Робототехника;3
DVC;3
Консультирование;3
Signal processing;3
Творческое мышление;3
cuda;3
kaggle;3
Apache Spark;3
Имитационное моделирование;3
reinforcement learning;3
Работа с юридическими лицами;3
Digital Marketing;3
Google AdWords;3
Написание научный статей;3
Product Management;3
PowerShell;3
Tensorflow/Keras;3
PyQt5;3
Start-up  project;3
Caffe;3
Lightgbm;3
Prometheus;3
Анализ рисков;3
Индивидуальное обучение;3
Bioinformatics;3
Clickhouse;3
Глубокое обучение;3
Research And Development;3
линейная алгебра;3
Elasticsearch;3
Ubuntu Server;3
VueJS;3
Цифровая обработка сигналов;3
Flume;3
Алгоритмы машинного обучения;3
Vertica;3
Pl/Python;3
Линейное программирование;3
Public Speaking;3
Внимательность к деталям;3
Busines Valuation;3
Торговля;3
Github;3
Cross Validation;3
Kotlin;3
Стратегическое мышление;3
ElasticSearch;3
Французский язык;3
Redux;3
Prolog;3
Организация мероприятий;3
Azure ML;3
JS;3
компьютерное зрение;3
MS Power BI;3
Test case;2
Artificial Neural Networks;2
Инвестиционный анализ;2
Lotus Notes;2
BI;2
Qlik Sense;2
E-Commerce;2
Тайм-менеджмент;2
Maths;2
Amazon Web Services;2
Market Segmentation;2
IDEF0;2
Digital Signal Processing;2
Внутренний контроль;2
Тестирование пользовательского интерфейса;2
Laravel;2
R Shiny;2
Распознавание речи;2
JSP;2
Apache Hadoop;2
Artificial neural network;2
Autodesk Maya;2
Neural Network;2
Convolutional Neural Networks;2
SAP BW;2
Схемотехника электронного оборудования;2
Техническая документация;2
Аналитик;2
SAS Enterprise Guide;2
natural language processing;2
Автоматизация управленческой отчетности;2
CentOS;2
UDPipe;2
Digital Visual Fortran;2
Erlang;2
Написание процедур;2
FastAPI;2
DL;2
Asterisk;2
САПР;2
Психология;2
Strategic Planning;2
Теория игр;2
DRF;2
Regular Expressions;2
Recommender systems;2
Version Control System;2
Cuda;2
Обработка данных;2
1С-Битрикс;2
Java Servlets;2
Training;2
Ориентация на клиента;2
BPWin;2
Financial Planning;2
Управление разработкой;2
Мобильность;2
Технические средства информационной защиты;2
REST API;2
Business Modeling;2
Функциональное тестирование;2
elasticsearch;2
Windows Server;2
Facebook API;2
Dask;2
3D-графика;2
Product Development;2
Objective-C;2
ggplot2;2
Финансовый контроль;2
кредитные риски;2
Gephi;2
Информационная безопасность;2
Go;2
GCP;2
Фондовый рынок;2
OpenGL;2
FEA;2
Business Consulting;2
Continuous integration;2
Составление бизнес-плана;2
python matplotlib;2
Soft skills;2
django;2
Нацеленность на результат;2
Слепая печать;2
Administration Management;2
Управление интернет-проектами;2
Analysis;2
Анализ;2
Iron Python;2
pyspark;2
WPF;2
Тензорный анализ;2
R (язык программирования);2
Финансовое планирование;2
Transformers;2
ORM;2
Навыки переговоров;2
Game theory;2
Подбор персонала;2
Ведение переписки на иностранном языке;2
Phyton;2
Start-up project;2
Разработка алгоритмов CV;2
cython;2
DevOps;2
fbprophet;2
MS SharePoint;2
F#;2
Функциональный анализ;2
Dash;2
spaCy;2
Conda;2
OpenMP;2
Стратегический маркетинг;2
Maven;2
Программирование;2
Интернет маркетинг;2
Linux/Bash;2
RandomForest;2
Petrel;2
Consulting;2
Looker;2
Vue;2
ADO.NET;2
COBIT;2
Blockchain;2
Reporting;2
Dlib;2
Моделирование;2
jupyter;2
Apache Maven;2
Predictive Modeling;2
remote sensing;2
Написание текстов;2
Внутренний аудит;2
Нагрузочное тестирование;2
Virtualization;2
Формирование бюджета;2
Управление отношениями с клиентами;2
Regression;2
TDD;2
Probability;2
Credit Risk;2
InfluxDB;2
theory of probability;2
LabVIEW;2
Exploratory data analysis;2
Менеджмент;2
Администрирование серверов Windows;2
Ansible;2
DB2;2
1С: CRM ПРОФ;2
NN;2
С;2
Opencv;2
Hardworking;2
Crystal Reports;2
ScikitLearn;2
Hibernate ORM;2
Навыки продаж;2
JUnit;2
Natasha;2
Внимательность;2
Консолидация финансовой отчетности;2
Data visualisation;2
Unsupervised learning;2
Corporate Finance;2
Algorithms and data structures;2
Регулярные выражения;2
IFRS;2
neural network;2
математика;2
Ad Hoc Analysis;2
Подготовка презентаций на иностранном языке;2
PyTest;2
МСФО;2
Machine Learning Algorithms;2
Feature Engineering;2
Проектирование;2
Трудолюбие;2
Investment Analysis;2
Работа с людьми;2
Основы линейной алгебры;2
Oil And Gas;2
Beautiful Soup;2
Visual Basic;2
Business Planning;2
linear algebra;2
Agile;2
MS Navision;2
Моделирование бизнес процессов;2
MS Dynamics NAV;2
Statsmodel;2
seq2seq;2
Рекомендательные системы;2
Microsoft Office;2
Theano;2
SpaCy;2
Deep Learning (DL);2
1C: Бухгалтерия;2
power bi;2
Wolfram Mathematica;2
Большие данные;2
написание аналитических текстов;2
Map Reduce;2
Клиентоориентированность;2
Коммуникативные навыки;2
Работа с претензиями;2
Unsupervised Learning;2
Predictive Modelling;2
Порядочность;2
R programming language;2
Язык R;2
Programming;2
3D Моделирование;2
Embarcadero Delphi;2
ResNet;2
Power Query;2
Python Scikit-learn;2
Investment Banking;2
GIS;2
Microsoft Power BI;2
Самостоятельность;2
Работа с документами;2
English;2
Web-scrapping;2
Quik;2
Ведение отчетности;2
Transfer Learning;2
FORTRAN;2
mathematics;2
Language Models;2
Обслуживание покупателей;2
Google Data Studio;2
phpMyAdmin;2
VGG;2
Обработка изображений;2
WCF;2
Работа с данными;2
Amazon AWS;2
Высокая скорость печати;2
IBM Lotus Notes;2
Slack;2
Высшая математика;2
gradient boosting;2
Torch;2
HBase;2
временные ряды;2
PIL;2
MicroStrategy;2
Numba;2
Scikit learn;2
Economics;2
BigARTM;2
Организация тренинга для новых сотрудников;2
Word2vec;2
XPath;2
SkLearn;2
DS;2
HDFS;2
кластеризация;2
логическое мышление;2
scrapy;2
Настройка ПК;2
Computer Science;2
Rstudio;2
Mathematica;2
Economic indicators calculation;2
Стратегическое планирование;2
ArcGIS;2
Web scraping;2
GeoPandas;2
Qlikview;2
NLU;2
Упорство;2
Xcode;2
sci-kit learn;2
clickhouse;2
Телефонные переговоры;2
Sales Skills;2
Лидерство;2
AllFusion ERwin Data Modeler;2
selenium;2
Oracle 10G;2
Нейросети;2
SSIS;2
Проверка статистических гипотез;2
Текстовый анализ;2
Optimization;2
Работа с научной литературой;2
Advanced SQL;2
Государственные закупки;2
рекомендательные системы;2
A/B testing;2
взаимосвязь данных;2
Computational Linguistics;2
метрики регрессии;2
Венчурное финансирование;2
вычислительная сложность алгоритмов;2
метрики классификации;2
градиентный бустинг;2
ASP.NET MVC;2
Signal Processing;2
Algorithms and Data Structures;2
ROC-AUC;2
Object Pascal/Delphi;2
аналитика;2
Information Retrieval;2
Business Development;2
Интернет-реклама;2
Clojure;2
CFD;2
econometrics;2
Финансовое моделирование;2
TF-IDF;2
lightGBM;2
матричные операции;2
Web Scraping;2
Data Analyses;1
Уверенное знание Python и классического ML-стэка (scikit-learn, pandas, numpy, scipy);1
Adobe CS;1
Опыт реализации алгоритмов машинного обучения с нуля;1
Коучинг;1
Command Line;1
advanced english;1
Mashin Learning;1
AWT;1
recommender systems;1
C++ - Basic level;1
Python - Advanced level;1
Telegram боты;1
Support Vector Machines;1
Ensemble Trees;1
Опыт решения проблем в кратчайшие сроки с минимальными затратами, крайняя мобильность.;1
Консультант плюс;1
Навыки работы с CNN;1
Basic knowledge of Java;1
Написание статей;1
Odometry;1
Оптимизация;1
SLAM;1
Бэк-энд разработчик;1
Хорошее знание компьютера;1
Arch;1
Программирование в R studio;1
Экспериментальная физика;1
Перевод художественной литературы;1
Составление семантического ядра;1
PR;1
Neural networks (keras, pytorch, TensorFlow);1
Machin learning;1
d3.js;1
MLLib;1
dlib;1
Чтение технической литературы;1
Hysys process simulation;1
Management Skills;1
Навыки работы с временными рядами;1
biotech;1
Dax;1
Numpy, scipy, pandas;1
Скоринговая карта;1
Distributed Data Analytics;1
Object Detection;1
Знание теории вероятности и основ мат.статистики;1
Quantitative analys;1
динамическое программирование;1
EXEL;1
Мотивация персонала;1
graph/network algorithms;1
dynamic programming algorithms;1
mathematical and statistical models;1
neural network training;1
CodeBlocks;1
Развитие бренда;1
Разработка PR стратегии;1
WEKA;1
Построение индивидуальных планов развития;1
Административное управление;1
MatplotLib;1
PIPESIM;1
А/В тестирование;1
Дашборды в R;1
Deductor;1
высокопроизводительные вычисления;1
R-project;1
Autoregression;1
Способность быстро учиться;1
Pentaho;1
Strategic Marketing;1
распознавание образов;1
Cоциальный маркетинг;1
google dashboard;1
Теория машинного обучения;1
light gbm;1
Ananconda Navigator;1
C language;1
data driven;1
IBM InfoSphere DataStage;1
Performance маркетинг;1
python keras pandas;1
bigquery;1
"Уверенный пользователь ПК ; MS Office (Word, Exсel, Power Point, Access) ;";1
Банковское дело;1
обработка естественного языка;1
Sas Guide;1
Управление процессами;1
Sas Miner;1
The ability to work in a team;1
Strong self-motivation;1
Fast-learning, proactivity,;1
Tools: Python (Pandas, matplotlib, stats, skiPy, gmaps, flask, beautifulSoup), R, JavaScript( d3,Plo;1
Statistical Learning;1
Data quality;1
Sas RTDM;1
Image/Signal Processing;1
перевод статей;1
автоматическая обработка языка;1
Informatica ETL;1
Усидчивость;1
BLUP;1
высшая математика;1
PyMOL;1
Origin9;1
Windows Xp;1
MS Dynamics business central;1
Business central;1
Picktochart;1
Qlick View;1
Peewee;1
MS Dynamics;1
ReactJS;1
Оптимизация кода;1
Financial Controlling;1
Автоматизация производства;1
Знание базовых алгоритмов машинного обучения;1
Понимание архитектуры нейронных сетей;1
Corporate Management;1
EPC;1
Хороший математический аппарат (успешное выступление на внутривузовских олимпиадах);1
bert;1
nlp;1
Умение работать с большим объемом данных;1
Zookeeper;1
Sqoop;1
QlikSense;1
IBM Cognos;1
differential equations;1
ANT;1
Oracle Reports;1
Batch programming;1
Работа с разными операционными системами;1
Google SketchUp;1
Plsql;1
численные методы;1
MBA;1
logstash;1
Умение работать в сжатые сроки;1
Управление временем;1
НИР;1
Investment Project Analysis;1
Business Valuation;1
Дисперсионный анализ;1
R Statistics;1
Spark MLib;1
Oozie;1
Proficient: Python (особенно TensorFlow, OpenCV, Keras, NumPy, Matplotlib), SQL, математика, статист;1
DIALux;1
Image processing;1
1С: Предприятие;1
Любознательность;1
Texmaker;1
ДипИФР;1
Microsoft PowerBI;1
ASO;1
Cloud Computing;1
Italian - B2 level;1
English - C1 level;1
Skle;1
Machine Learning (supervised and unsupervised);1
R-programming;1
Optimal transport;1
Pandas, numpy, matplotlib, sklearn;1
amoCRM;1
Intermediate Matplotlib;1
Topological Data Analysis;1
Tiger (система ERP);1
Генетические алгоритмы;1
Опытный пользователь ПК - Microsoft Office (Excel, Word, Power Point);1
Classical Machine Learning;1
Neuron Network;1
Non parametric statistics;1
Inkscape;1
churn rates;1
Usage Funnels;1
Monte Carlo Models;1
Robotics;1
Электронная почта;1
умение;1
ACCA;1
Digital rock analysis;1
SQL for Analysis;1
Mathematical Logic;1
Collaboration;1
vue;1
webgl;1
Recommendation Engines;1
ml.net;1
Windows Forms;1
Scikit- learn;1
Sketch;1
Привлечение банковского финансирования;1
Оптимизация логистических процессов;1
SOLID;1
Логистика поставок;1
Accord.NET;1
.NET Core;1
Аккуратность;1
Контроль дебиторской задолженности;1
1C: Зарплата и кадры;1
Jupyter Notebooks;1
Логистический менеджмент;1
Консолидация международной отчетности;1
формирование SQL выборок данных;1
Intermediate Google Analytics;1
flutter;1
умение работы в команде;1
ML,Python,R;1
организованность;1
Методы искусственного интеллекта;1
MXNet;1
Deep Neural Network;1
адаптация к вверенным обязательствам;1
Hyperopt;1
Теория графов;1
высокий профессионализм;1
Терпение;1
высокая результативность;1
полная отдача поставленной задаче;1
User Churn;1
Вовлеченность;1
Усердие;1
Продажи;1
SOAP;1
pymorphy2;1
Symfony;1
Swift;1
scikit-;1
Firebase Db;1
Neo4J;1
SciKit-learn;1
Онтология;1
SPARQL;1
RDF;1
SHACL;1
Excel/Spreadsheets(pivot, vlookup);1
fluent English;1
A/B tests;1
mapping conversion paths;1
Управление знаниями;1
Оценка инвестиционных проектов;1
Intermediate SQL;1
Intermediate Pythonand Pandas;1
nodeJS;1
Инновационный менеджмент;1
react;1
Networkx;1
Complex networks;1
Java, JavaScript, Delphi, C++, C#;1
Командообразование, Управление ИТ, Программирование;1
asyncio;1
ITSM, ITIL, BPMN;1
MS SQL, Oracle, PostgreSQL;1
Protege;1
aiohttp;1
GraphDB;1
HyperOpt;1
Jena;1
threejs;1
decomposition;1
Владею Python на 6 из 10;1
• Разработка и тестирование торговых алгоритмов;1
Постановка задач разработчикам;1
CPython;1
ABC-анализ;1
R, Python;1
Scikit-Image;1
spacy;1
PostreSQL;1
DataTables;1
перевод научной литературы;1
• Анализ больших объемов данных;1
• Выявление эффективных закономерностей;1
• Работа с пакетом MS Office (Excel), EViews;1
Python, Tensorflow, Scikit-learn, Keras, OpenCV;1
• Технический анализ;1
• Торговля финансовыми активами;1
алгоритмы арбитражного трейдинга;1
Python, pandas, numpy, xgboost, seaborn;1
Python for Data science;1
SAS EG;1
Machine learning (на базовом уровне);1
Numerical Simulations;1
Spectroscopy;1
Higher math;1
audio / vibration analysis;1
SparkML;1
Predictive modelling;1
Химические методы анализа;1
R#;1
Осваиваю SQL;1
Знаю статистику и теорию вероятности;1
Знаю методы машинного обучению;1
Python (sklearn, pandas, numpy, PyTorch);1
С / базис С++;1
Алгоритмы / Структуры данных;1
Базис Unix;1
Анализ данных в R;1
Ксластеризация данных;1
Нейрокомпьютинг;1
Verilog HDL;1
Ценные бумаги;1
Modelsim;1
Catalyst;1
Git/Svn;1
Уверенный пользователь программ MS Office;1
Уверенный пользователь ПК;1
ТМС;1
ЭЭГ (электроэнцефалограмма);1
Квантовая физика;1
Клиническая психология;1
Физика твёрдого тела;1
База данных: Olap;1
Predictive maintenance;1
Знание Deep Learning и Machine Learning;1
unsupervised learning;1
User Acceptance Testing;1
Base Machine learning;1
Моделирование процессов;1
Web-crawling;1
ETL-Process experience;1
Data Manipulation and Data Visualization using SQL, Python, Plotly, Power BI and Tableau;1
lgbm;1
Regression Models;1
Графовая аналитика;1
SCADA;1
Creating test cases;1
Bug Reporting;1
Black box testing;1
Опыт работы в среде MATLAB;1
PLC;1
conda;1
WinCC;1
pip;1
TIA Portal;1
Wonderware;1
pycharm;1
Processing and interpretation seismic and well logging data;1
GRU/LSTM;1
Neutral networks;1
Bayesian statistics;1
1С: Docflow;1
Writing science articles;1
Statistical analysis;1
Experiment planning;1
Опыт работы с ОС Linux;1
NumPy, Pandas, SciPy, scikit-learn, BioPython;1
MySQL,;1
Python,;1
Discrete Mathematics;1
Deep Neural Networks;1
Autodesk 3ds Max;1
Знание ПБУ и бухгалтерского учета;1
Python - начальный уровень, Pandas - начальный уровень;1
Составление сметно-проектной документации;1
Оценка рисков;1
Machine Learning fundamentals;1
Теория вероятностей, линейная алгебра, математический анализ, дискретная математика;1
Составление договоров;1
arcpy;1
ctree;1
web mapping;1
GeoJson;1
Statistical Data Analysis,;1
Airflow;1
Fundamental Analysis;1
Продвижение объекта;1
Auction theory;1
Spyder;1
Vlookup;1
Business Management;1
Основы ООП;1
Topic Modeling;1
Multivariate analysis;1
Turbo Pascal;1
Проведение тестирований;1
Исполнение личных поручений руководителя;1
Контроль исполнения  решений;1
MSQL;1
Speech Technology;1
Библиотеки Python: Scikit Learn, Pandas и др.;1
Churn Prediction;1
SVM;1
UI;1
UX;1
Программирование в R;1
Statistical modeling;1
Stochastic Control;1
Financial Mathematics;1
OpenCv;1
Создание сайтов;1
Code analysis and refactoring;1
Data Munging;1
Relational Databases;1
Various programming paradigms in particular OOP;1
Администрирование БД;1
Администрирование сайтов;1
FirebirdSQL;1
Boosting;1
Drupal API;1
Легкая обучаемость;1
Умение видеть и исправлять ошибки;1
Актуарные расчеты;1
ROS;1
Regexp;1
Проведение обучающих лекций и занятий;1
Theory of probability;1
hive;1
R Language;1
Financial Econometrics;1
Venture Capital;1
Music;1
Legal Advice;1
Event Management;1
Advertising;1
XUL;1
знание алгоритмов машинного обучения;1
работа с основными пакетами машинного обучения и анализа данных (scikit-learn, pandas, numpy etc);1
проведение тренингов;1
Discrete mathematics;1
VBScript;1
IPMA;1
Редактирование текстов на иностранном языке;1
Опыт переводческой работы;1
English Law;1
Economic Forecasting;1
Econometric Modeling;1
inverse problem;1
финансовая математика;1
Recommender Systems;1
Elastic Search;1
ядерная физика;1
физика атмосферы;1
numerical analysis;1
statistical data analysis;1
Google Cloud;1
Matrix analysis;1
Pig;1
Solr;1
Lucene;1
Интервьюирование;1
Eye tracking;1
Basic machine learning;1
Advanced mathematics;1
Отличное знание SQL;1
опыт решения NLP задач;1
Cassandra;1
Clean code;1
CoffeeScript;1
Continuous delivery;1
Design patterns;1
Functional programming;1
Object-oriented programming;1
Reactive programming;1
Storm;1
W3C standards;1
XP;1
Zend Framework;1
ZooKeeper;1
JupiterNotebook;1
Настольный теннис;1
Process Optimization;1
Fault-tolerant Systems Development;1
Pattern Recognition;1
Google Maps Api;1
Мови програмування: C/C++, С#, Assembler, MATLAB, Verilog/VHDL;1
Навики: DSP,Simulations,Programming/Scripting,SPM,Image-processing algorithms, HW and Systems design;1
ПЗ: MS Visual Studio 2010, IAR Embedded Workbench, Code Composer Studio, SPIP™, MountainsMap;1
Платформи: DSP (TMS320C6713B), MCU (STM32F4, AT90USB128, Intel MC S-51), FPGA (Altera MAX 7000A);1
Multithread Programming;1
Flurry;1
MPI;1
Systems in Animate & Inanimate Nature;1
openMP;1
Octave/Matlab;1
Team Leadership;1
Laboratory Investigations;1
Data Collection & Analysis;1
Predictive Models;1
Футбол;1
Облицовка плиткой;1
Отделка помещений;1
1C:Предприятие 8.x;1
•	Writing medium-level VBA macros;1
•	Good knowledge of package R;1
•	Basic knowledge of MapReduce;1
Владение иностранными языками;1
R-Studio;1
Scilab;1
Анализ трафика;1
•	Good knowledge of SQL;1
Data Architecture;1
Знание основ ООП;1
Продвинутый пользователь Интернета и ПК;1
Работа с базами данных: MS SQL, Oracle.;1
Владею языками программирования: C++, C#, Python;1
Работа с библиотеками Python (scikit-learn, pandas, matplotlib);1
•	Basic knowledge of Business Intelligence, Access, SPSS;1
•	Good knowledge of SAS (SAS Guide, SAS EM);1
Велоспорт;1
Mashine learning;1
Маткад/матлаб;1
Контекстная реклама;1
r;1
bush;1
awk;1
Natural language processing;1
tenzorflow;1
•	Good analytical skills;1
Event Planning;1
Restaurant Operations;1
Food Service;1
Customer Service;1
Mathematic;1
•	MS Office (Word, Exсel, Power Point, Outlook) — advanced;1
Знание языков программирования (C# и Python);1
Владение языком программирования R;1
Crawlers;1
Stock market;1
Организация и планирование рабочего времени;1
machine Learning;1
numpy/scipy/matplotlib;1
Writing Skills;1
Comsol Multiphysics;1
Reduce;1
High energy physics;1
QFT;1
Nuclear Physics;1
Nuclear reactions;1
Taaching;1
Quality Control;1
Text Analytics;1
Умение писать простые запросы SQL;1
Python (pandas, numpy, sklearn);1
Internet of things;1
Machine Learning, Natural Language Processing, NumPy;1
Big Data,;1
Оптимизация затрат;1
InterSystems Cache;1
Predictive modeling;1
Python scientific stack;1
Python machine learning stack;1
R programing;1
Деревья решений;1
Реинжиниринг бизнес-процессов;1
Data science, Machine learning, Deep learning, Bayesian methods, Python, Java, Matlab;1
Управление финансами;1
caffe;1
SSAS;1
SSRS;1
Jupyter Notebbok;1
Design Thinking;1
C ( начальный уровень);1
c51;1
Nvidia DIGITS;1
MySQL/MariaDB/SQLite;1
C programming;1
R program;1
CFA;1
scikit-learn/Pandas;1
TensorFlow/Keras/Theano/TFLearn;1
Data engineering;1
Мат. статистика/Теория вероятности;1
Reactive Extensions;1
Hadoop/MapReduce;1
MS Azure;1
TFS;1
BABOK 3.0;1
Hyperledger Fabric;1
построение математических моделей;1
RxJava;1
Rx;1
HBASE;1
Владение языками программирования Python, Fortran;1
GPy;1
PyMC3;1
MANOVA, MANCOVA, MLR;1
ANOVA;1
Сегментация рынка;1
Опытный пользователь ПК;1
навыки deep leraning;1
3D Studio Max;1
навыки machine learning;1
mathlab;1
Отличное владение Microsoft Excel, PowerPoint;1
Pinnacle Studio;1
Яндекс.Директ;1
Game Programming;1
Text Processing;1
Trading;1
ELMO;1
Technical analysis;1
Python/R;1
NetworkX;1
NLTK/TensorFlow/Keras;1
Torch/PyTorch;1
SQL/TSQL/NoSQL;1
Статистический/Математический анализ;1
1С Предприятие;1
Java/JavaScript;1
Action Script;1
ScienceDirect;1
Психоанализ;1
Balanced Scorecard;1
Bank Software;1
Debt Collection;1
Работа с фрэймворками Yii и Yii2;1
Seaborn/Matplotlib;1
Pandas/NumPy;1
Apache Spark, Cassandra;1
...;1
подготовка заключений по бизнес-планам, экспертиза бизнес-плана;1
excel;1
Hypersonic Sql;1
mapreduce;1
Numerical methods;1
Tableau BI;1
Python pandas;1
DW/ETL/OLAP;1
Hue;1
Motivation;1
Organization Skills;1
Stress Management;1
attention to details;1
Neural Network NN;1
Создание и пайка электронных схем;1
Разработка проектов на STM32;1
Разработка проектов на Arduino;1
Key Account Management;1
Офисный пакет Microsoft (Excel, Office, PowerPoint, Project, Visio);1
Анализ и обработка естественного языка;1
Анализ логов;1
Offshore Drilling Technology;1
Programming in R;1
Prediction;1
classic Machine Learning algorithms;1
квалификационный аттестат 5.0;1
D3;1
Data structures;1
Design of data intensive pipelines;1
R lang;1
Участие в научных конференциях;1
Fundamental analysis;1
Python (библиотеки Pandas, Numpy, Scipy, Scikit-learn);1
квалификационный аттестат 1.0;1
Программирование микроконтроллеров AVR;1
TRIZ(theory of the resolution of invention-related tasks);1
Знание MathLab и Octave;1
R (начинающий);1
R programming software;1
Веб-парсинг;1
Business-driven mindset;1
Quick learner and passionate to thrive under data science challenges;1
Team player;1
Устный перевод;1
Research, analytical and interpersonal communicational skills;1
Обработка изображений (openCV, scikit-image);1
нейронные сети (TensorFlow);1
биоинформатика;1
молекулярная динамика;1
теоретических основ Machine Leaning;1
Technical Translation;1
Writing Texts;1
Graphic editors;1
Python (наличие сертификата);1
calculus;1
verification models;1
Создание презентационных материалов о компании;1
Анализ макроэкономической среды;1
Автоматизация сбора и анализа данных;1
Управление исследовательскими проектами;1
R/RStudio;1
c;1
ml;1
R программирование;1
Развитие бизнеса;1
Портфельная аналитика;1
HUE;1
Многопоточные вычисления;1
Ответственное хранение;1
numerical methods;1
Python (numpy, sklearn, pandas, matplotlib и т. Д.);1
r studio;1
RMS;1
базовые знания SQL;1
MS Office (Excel, PowerPoint, Access), Power BI;1
Навык программирования;1
Text Analysis;1
Algorithmic Trading;1
tNavigator;1
Resview;1
web development;1
FMEA;1
Mechanical;1
R Programming Language;1
Minitab;1
Matlab/Octave;1
Python (scikit-learn);1
Информационный поиск;1
RenderScript;1
TenzorFlow;1
НИОКР;1
Quandl;1
CQG;1
CATIA;1
Femap;1
MSC NASTRAN;1
PLM;1
Проектно-конструкторская деятельность;1
RAPIDS;1
Управление производством;1
Db;1
"Опыт работы с задачами машинного обучения (ML): кластеризации, классификации или регрессии;";1
MetaTraider;1
MetaStock;1
Strong attention to details;1
Квантовая механика;1
TensorRT;1
VR;1
Linear algebra\probability theory\Calculus;1
Stochastic processess;1
Beautiful soup;1
Python( Basic );1
C++ (Algoritmic practice);1
Keras\Tensorflow;1
Pandas\Numpy\Scikit learn;1
1С: Управление персоналом;1
C++11;1
Magento;1
•	SQL •	Python 2 •	Python 3 •	JavaScript •	SQLAlchemy •	ExtJS •	Selenium •	Git, Mercurial •	MATLAB •;1
SAS Enterprise guide;1
Формирование управленческой отчетности;1
Lotus;1
Tensotflow;1
Wolfram Mathematica, SPSS, AnyLogic;1
Convolutional NN;1
1C: Accounting;1
OpenCL official C++ bindings;1
Автомобильные перевозки;1
VoIP;1
SIP;1
UCaaS;1
Конкурентная аналитика;1
Прототипирование;1
Перевод технической документации;1
Mantis;1
Bugzilla;1
Алгоритмы глобальной оптимизации;1
Дифференциальные уравнения;1
Программирование алгоритмов;1
Параллельные вычисления (MPI);1
Ведение аналитической работы в проекте;1
Economic and mathematical Modeling;1
Техническая эксплуатация;1
Медицинское оборудование;1
Языки запросов: Transact SQL, PL/pgSQL (PostgreSQL), MySQL, SQLite;1
Машинное обучение, нейронные сети (разные направления), построение и валидация прикладных моделей;1
pig;1
apache kafka;1
Data Warehousing;1
Statistical Analysis;1
Компьютерная лингвистика, автоматизированный перевод программного кода;1
Компьютерное зрение (OpenCV), классификация изображений документов;1
Геостатистика (лекции, моделирование геофизических данных методами случайных процессов);1
Общее владение: HTML3, CSS5, Javascript, PHP, Java, С#, Prolog, VBA;1
Управление проектами, менеджмент (опыт руководящей работы, профессиональная переподготовка по управл;1
Проведение курсов и тренингов в области информационного взаимодействия и автоматизации деятельности;1
Математическое моделирование, прикладная статистика;1
Система контроля версий Git, сервис github.com;1
Язык Python, Jupyter Notebook, библиотеки – для программирования прототипов, машинное обучение, нейр;1
Язык C++, математическое моделирование, компьютерное зрение;1
Strong soft skills;1
IWork;1
Vensim;1
Язык програмирования R;1
Python (basics);1
Classic ML;1
bamboo;1
Mathtype;1
Working with libraries in Python;1
линукс;1
Высшее техническое образование;1
Статистическое обучение;1
Python (numpy, pandas, scikit-learn и т.д.);1
Xamarin Forms;1
SSE/AVX;1
Intel MKL;1
Cython;1
OpenCL C;1
Regression trees;1
Yandex CatBoost;1
Writing Articles;1
Yandex Метрика, Goggle Analytics;1
Голосовая идентификация диктора;1
Разработка и изготовление радиоэлектронных устройств;1
Python (numpy, pandas, sklearn, opencv, matplotlib, seaborn, tensorflow, keras, pytorch);1
SQL (PostgreSQL, Microsoft SQL);1
MS Office (Excel, Power Point, Word, Outlook);1
Графика (GIMP, Paint, ArchiCad, SketchUp);1
SAP HANA;1
Logistic regression;1
Прогностика;1
R (tidyverse, shiny, rmarkdown packages);1
Data Optimization;1
Python (numpy, pandas, scipy, matplotlib, scikit-learn, tensorflow libraries);1
Vowpal Wabbit;1
Internet Advertising;1
Experience utilizing computers and software applications to identify quality data sources;1
Experience using analytical and research techniques;1
Project Documentation;1
Apache Storm;1
Полевые исследования;1
Ocean data view;1
здоровый образ жизни;1
Grapher;1
многодисциплинарность;1
фундаментальные математические понятия, необходимыми для анализа данных, начальные навык программиро;1
У меня бронзовая медаль в Kaggle;1
Twitter Api;1
Youtrack;1
TeamCity;1
Xsolla;1
Weblate;1
Telegram API;1
R*;1
Compensation And Benefits;1
IIOT;1
IOT;1
AB Factorytalk View;1
Bs4;1
VHDL;1
CAA;1
Hudson;1
SketchUp;1
arduino;1
Cron;1
R, SQL, Python;1
EPLAN, Letatwin;1
Tableau, AWS, Apache Hadoop;1
Wonderware In Touch;1
Siemens STEP;1
RSlinx Classic;1
RSLogix 5000;1
Schneider Unity Pro XL;1
Cost Analysis;1
Cost Control;1
Cost Management;1
AnyLogic;1
R shiny server;1
MS Dos;1
E-Mail Marketing;1
Database Marketing;1
Customer Needs Analysis;1
Marketing Strategy Development;1
Bizagi process modeller;1
NumPy/SciPy;1
SAS Data Miner;1
TSQL;1
Портфельные риски;1
автоматическая обработка естественного языка;1
обработка речи;1
R&D project management;1
MS Lightswitch;1
Инвестиционное планирование;1
Management Reporting;1
Python ML Libraries;1
MS Axapta;1
Organizational Structure;1
Planning;1
Real Estate Evaluation;1
Construction Management;1
R/lang;1
pySpark;1
Oracle Hyperion;1
Классификация;1
Регрессия;1
Deep Learning, Machine Learning, Computer Vision;1
Bioinformatic;1
Организационное проектирование;1
Системный подход;1
Parsing;1
Recommendation engines;1
econometrics, mathematical economics, benefit-cost analyst and cost-effectiveness analyses;1
Text analytics;1
Чтение лекций;1
Data and Business Research;1
Парсинг сайтов;1
Splunk;1
Kerastase;1
Image Recognition;1
Neo4j;1
Logisitic  Regression;1
Cистемы охранной и пожарной сигнализации, видеонаблюдения, контроля и управления доступом.;1
Groupwise;1
IBM DB2;1
Linux Novell SLES XEN;1
SpiderProject;1
Wialon GPS Глонасс Мониторинг автотранспорта, контроль расхода топлива;1
Ефрат-документооборот;1
Нейровизуализация;1
ПЭТ-исследование;1
КТ;1
Machine Learning with Scikit-Learn;1
strong data and management and quantitative analysis capability;1
IBM Watson Studio;1
IBM Cloude;1
Apache Zeppelin;1
Deep Learning with Keras and TensorFlow;1
Recurrent Neural Networks;1
KNN, Clustering, Decision Trees and RF, NLP, SVM;1
МРТ (магнитно-резонансная томография);1
Pandas, Seaborn , Matplotlib , Plotly;1
Logistic and Linear Regressions;1
Adobe Lightroom;1
Process Mining;1
Практическая медицина;1
Терапия;1
Оперативный производственный учет;1
Управление себестоимостью;1
Управление строительством;1
Power Bi;1
Web Scarping;1
оптимизация;1
Sympy;1
Oracle Siebel CRM;1
Learning & Development;1
Pivot Tables;1
IELTS;1
Unity 3D;1
Power pivot;1
Power query;1
Pivot Charts;1
scikit;1
руководство командой разработчиков;1
advanced analytics;1
Организация обучения иностранным языкам;1
CAML Query;1
1С: Документооборот;1
Ведение клиентской базы;1
Анализ себестоимости;1
1С: Производство;1
Производственное планирование;1
Строительство;1
Проведение семинаров;1
Способность обучать других;1
Go lang;1
AMF;1
BDD;1
Integration testing;1
ZeroMQ;1
Agile/Scrum;1
Maching learning;1
Pricing;1
SciKit;1
Apache NiFi;1
Scientific python;1
Базы данных: MySQL, PostgreSQL, MS SQL;1
SQL (PostgreSQL);1
Oracle Exadata Database Machine;1
RDBMS Oracle Enterprise Edition;1
Oracle SOA Suite;1
Oracle Fusion Middleware;1
Oracle Identity and Access Management;1
Oracle Performance Tuning;1
Oracle Web Tier (OHS);1
Классические алгоритмы DS;1
Алгоритмы CS(сортировка, поиск);1
Pandas,;1
умение работать с чужим кодом;1
учебное соревнование на kaggle по ml с реальными данными;1
Techlog;1
Библиотеки/фреймворки: pandas, scikit-learn, NumPy, SciPy, XGBoost, CatBoost;1
Json;1
Визуализация данных: matplotlib, seaborn, plotly;1
Языки программирования: Python;1
10. Jupyter Notebook;1
9. Базовые знания ML;1
8. Pandas, NumPy, Matplotlib, Scikit-learn;1
4. Python;1
7. 1С:Предприятие;1
6. Аналитический склад ума;1
5. Знание основ математической статистики и теории вероятности;1
3. Базовые знания SQL;1
2. Power BI;1
1. MS Word-Excel-Power Point/Google Sheets;1
Matpotlib;1
Асинхронное программирование;1
ML & DL;1
Креативность, творческое мышление и прочая лирика;1
Tablue;1
Дашборд;1
Ремонт ПК;1
Python, Keras, Tensorflow, Numpy, Pandas, Matplotlib;1
Confluence;1
Folium;1
LightGbm;1
Коммуникация;1
dask;1
Инициативность;1
Желание и готовность узнать новое;1
Энтузиазм;1
Таргетинг;1
My sql;1
Numerical Analysis;1
Инвестиции;1
NLTK&Pymorphy2;1
Теоретическая физика;1
Django+selery+redis;1
python pandas;1
python scikit learn;1
python beautifulsoup;1
python requests;1
Django REST Framework;1
Tensor;1
Visdom;1
M & DAX;1
Power bi;1
Сквозная аналитика;1
BI аналитика;1
Информационная панель;1
TelegramBotAPI;1
Falcon;1
DHCP;1
GraphNets;1
ODS;1
py;1
Работа в соцопросах.;1
Программист;1
Computer Visuon;1
Computer science;1
Distributed computing;1
Evolutionary computing;1
Microsoft Windows;1
Hyper-V;1
Borland RAD Development Studio;1
Information Security;1
Infographics;1
Text classification;1
Docker/Kubernetes;1
dvc;1
Data science Technologies:;1
Big;1
работа с клиентами;1
Знание 1С;1
Основы веб-разработки (Django + Vue js);1
навыки работы с bash;1
знание основ Git’а;1
прикладная математика (теория вероятностей, статистика, мат. анализ);1
инструменты парсинга;1
методы визуализации данных (matplotlib, seaborn);1
библиотеки Numpy и Pandas;1
язык программирования Python;1
RPA;1
System Administration of Linux, Free BSD and Windows Servers;1
Matplolib;1
data preprocessing;1
XLS;1
математика и статистика для Data Science;1
Keras / PyTorch;1
C++ / QT;1
Pandas / Numpy / Scipy;1
Matplotlib / Seaborn;1
Lightgbm / Xgboost / Catboost;1
Pretrained NN;1
Scikit - learn;1
Oracle Data Integrator;1
Intermediate Level of English Language;1
Methods and Technologies of organization and processing of data;1
MC OFFICE;1
3D Modeling;1
1С programming;1
Data analytics;1
Желание развиваться;1
Jquery основы;1
Assembler база;1
Statistical Package;1
APEX;1
DeepLearning;1
ROWE is a +;1
SQL,;1
Sh;1
clustering;1
stacking;1
boosting;1
Random forest;1
Decision tree;1
Underfitting и overfitting;1
Ремонт телефонов;1
B2B Продажи;1
B2C продажи;1
numpy, pandas;1
Teamcenter siemens;1
nanoCAD;1
jupiter notebook;1
Power Pivot;1
Cистемы управления базами данныхMS OfficeVisual C++Анализ рисковФинансовый анализ;1
Маркетинговое планирование;1
Data driven marketing;1
Управление маркетингом;1
Ability to learn;1
Effective decision-making;1
Effective problem solving;1
The ability to prioritize;1
Анализ сигналов;1
padas;1
Python, Матстатистика;1
Skrapy;1
Прямые продажи и закупочная деятельность.;1
Реализация проектов с крупным бизнесом (B2B).;1
Развитие бизнеса и оптимизация бизнес-процессов.;1
Big Data, цифровые платформы и агрегаторы.;1
Автоматизация маркетинга и бизнес-процессов.;1
Google Tag Manager;1
гидродинамка;1
Instagram;1
Теория автоматизации процессов;1
Бд;1
Обработка исходящей корреспонденции;1
Scikit;1
8/10 средний балл;1
Теория управления;1
Системность;1
Полиграфический дизайн;1
Полиграфия;1
Литературная деятельность;1
robotics;1
control theory;1
3D;1
Unix/Linux.;1
DataMining;1
OPENCL;1
C/С++;1
Техническая смекалка;1
Проактивность;1
Convolution neural network;1
Trello;1
MangoDB;1
ASP.NET Core;1
MVVM;1
Алгебра;1
Случайные процессы;1
Искуственные нейронные сети;1
MsSQL;1
Skikit-learn;1
Confluence Jira;1
1С;1
Автоматизация технологических процессов;1
SQL. Агрегация. Оконные функции;1
Построение моделей;1
Python (Pandas, Numpy);1
Стратегия Развития;1
Маркетинг услуг;1
Управление эффективностью;1
Редактирование текстов;1
Параллельное программирование;1
XEN;1
Traffic Analysis;1
Plain C;1
Media Infrastructures;1
Cross-platform development;1
Code Optimization;1
System Integration;1
WealthLab;1
NamPy;1
jupiter-notebook;1
re;1
collections;1
tqdm;1
scikit-surprise;1
Sklearn(scikit-learn);1
AppJar;1
общительный;1
Надёжность;1
Управление бюджетом;1
Планирование маркетинговых кампаний;1
Монетизация;1
Глубокое понимание каналов продвижения;1
Постановка задач разработчикам, дизайнерам, контент-менеджерам, маркетологам и контроль их выполнени;1
Team-building;1
Опыт в формировании команд под каждый проект;1
Стратегическое видение развития продукта;1
CAD;1
Web Design;1
Relationship Management;1
Системная интеграция;1
Управление работой с ключевыми клиентами;1
лингвистическая разметка текста;1
Codecs;1
autotests;1
snmp;1
Algotrading;1
Personnel management;1
OSPF;1
NOC;1
Nagios;1
Mail Server;1
load balancing;1
LDAP;1
intrusion detection;1
Http Server;1
FreeBSD;1
CMS;1
Billing;1
Katalon;1
P Y T H O N !;1
mikrotik;1
apache;1
couchdb;1
Squid;1
pgsql;1
нейросети это всё;1
страсть как обожаю магию с нейросетями;1
широкий спектр знаний по it;1
Дружелюбность;1
Тренерские качества;1
Fuzzy logic & fuzzy sets;1
Хеджирование цен на товары, сырье, материалы;1
Программирование микроконтроллеров;1
Импульсные преобразователи;1
Аналоговая схемотехника;1
Apache HTTP Server;1
Градиентный спуск;1
Image recognition;1
pandas, keras, lightgmb, catboost, sklearn;1
BS4;1
Elixir;1
Яндекс.Толока;1
Google cloud;1
PCL;1
teradata;1
Predictive analysis;1
статистические методы;1
financial econometrics;1
Искусственные нейронные сети;1
Разработка моделей прогнозирования;1
Excel;1
Методы машинного обучения;1
Soft skills: сроки, качество, объем;1
Origin (обработка данных);1
СЭД;1
Глубинное обучение;1
Word2Vec;1
FastText;1
Luigi;1
1C;1
Windows 10;1
Розничная торговля;1
Контроль сроков годности;1
Выкладка товаров;1
PCA;1
artifical neural networks;1
random forest;1
linear/logistic regression;1
Origin pro;1
Терпиливость;1
SQL на уровне запросов;1
1С: Бухгалтерия и склад;1
Получение и очистка данных;1
pre-intermediate;1
Написание документации;1
распределение данных;1
классы в машинном обучении;1
основы теории вероятностей;1
получение срезов данных;1
А\в тестирование;1
Jupyther Notebook;1
Тактичность;1
Амбициозность;1
Python programming;1
Цифровизация экономики;1
CWL;1
внедрение ERP;1
Predictive analitics;1
Hadoop, PySpark;1
Numpy, Pandas, Matplotlib, SciKit-Learn;1
Python, SQL, MATLAB, Java;1
POWER BI;1
React.js;1
redash;1
airflow;1
Altova XML Spy;1
Манипуляция данными;1
Импорт данных разных форматов в R;1
Git и контроль версий;1
Интерактивные приложения (Shiny);1
R Markdown;1
Вероятностный/статистический анализ;1
Контроль и анализ ценообразования;1
Python Numpy;1
Линейная регрессия;1
TensorFLow;1
Гидродинамика;1
Web API;1
Highcharts;1
Multivariable Calculus;1
bs4;1
Neural Net;1
Python for DS;1
LinearRegression;1
RandomForestRegressor;1
DecisionTreeRegressor;1
Pipeline;1
tsa;1
GridSearchCV;1
LightBGM;1
Наука о данных;1
Spring Boot;1
Литография;1
Материаловедение;1
Нанотехнологии;1
Python, PyTorch;1
Fasttext;1
классификация;1
продуктовые метрики;1
проверка статистических гипотез;1
Data Sceince;1
предобработка данных;1
Biopython;1
SAP crystal reports;1
Tableau Public;1
Развитие ключевых клиентов;1
Физика;1
Matplotlb;1
Основы статистики и теории вероятностей;1
Creativity;1
Machine learning (ml);1
Знание основ математической статистики и машинного обучения;1
openCV;1
pymystem;1
Azure Data Factory;1
databricks;1
ARM;1
STM 32;1
Analytics;1
Gym;1
SKLearn;1
алгоритмическая торговля;1
trading;1
Abaqus;1
COMSOL;1
Электромеханика;1
Электропривод;1
CNN, RNN;1
embeddings;1
ML algorithms;1
NLP basics;1
Решительность;1
std;1
eigenlib;1
Boost;1
pyinstaller;1
virtualenv;1
Очистка данных;1
Метрики оценки качества модели;1
Tensorflow - академический опыт;1
regex;1
Neptune;1
Основы статистики;1
Technical documentation;1
ScraPy;1
TesnorFlow;1
SciKit-Learn;1
Python sklearn;1
Составление ТЗ;1
R lib Shiny;1
beautifulsoup;1
Базовая математическая подготовка;1
Знание алгоритмов машинного обучение;1
Умение работать с массивами данных;1
CV2;1
Skleran;1
Sckit;1
Прикладное программирование;1
Optuna;1
парсинг данных;1
Документальное сопровождение;1
Ceres-solver;1
Основы SQL;1
analytical;1
streamlit;1
time ma;1
Слепая печать (270 зн/мин);1
Находчивость;1
Ведение документации;1
Составление смет;1
Инженерные системы;1
One-shot learning;1
Reinforcement;1
Machine-learning;1
Deep-learning;1
SKlearn;1
Гидродинамика, газодинамика;1
Jupyter noutbook;1
Back-end;1
pyTorch;1
Паттерны;1
Владение библиотекой Python Tensorflow;1
Владение программами SPSS, EViews;1
Знание алгоритмов машинного обучения для решения задач: классификации, кластеризации, регресии с пом;1
Владение языком программирования Java на уровне Junior;1
Владение пакетом библиотек Python для анализа и визуализации данных (Numpy, Pandas, Scipy, Matplotli;1
Владение SQL Developer на уровне выгрузки данных;1
Владение пакетом программ MS Office (Excel на продвинутом уровне, знание VBA);1
Распределенные вычисления;1
x86/ARM assembly;1
Data Structers;1
Investments;1
Scikit-learn, Keras, Pandas, Matplotlib, Seaborn, XGBoost, LightGBM, CatBoost, SQL;1
Navisworks;1
Zeppeline;1
Regression with ARIMA errors;1
Exponential Smoothing State Space Model;1
Generalized linear models;1
Time series decomposition (X11, SEATS, STL),;1
ARIMA, SARIMA;1
ARIMA, SARIMA, Time series decomposition (X11, SEATS, STL), Generalized linear models, Exponential S;1
Holt-Winters method;1
AR, MA, ARIMA, SARIMA;1
Фурье - анализ;1
Вейвлет - анализ;1
Физика, теплофизика;1
Tensorflow-serving;1
GitLab;1
MatPlotLib;1
LeNet;1
RPA for Python;1
FICO Blaze;1
numpy/scipy;1
Изделия медицинского назначения;1
Программирование на Python;1
Перевод;1
Первичная бухгалтерская документация;1
Точность и внимательность к деталям;1
Гарант;1
Ведение переписки;1
Договорная работа;1
СПАРК;1
Solidity;1
C#(базовый);1
jupyter, numpy, scipy, pandas, scikit-learn;1
Oracle SQL(средний);1
Python(средний);1
Организованность;1
Jupiter notebook;1
sclearn;1
ARIMA / SARIMA;1
Прикладная статистика;1
Операционные системы;1
Oracle Virtual Box;1
Заинтересованность;1
Поиск аномалий в данных;1
Кластеризация;1
PTC Creo;1
Opal;1
SAS Base;1
Мониторинг рынка;1
Логическое мышление;1
QlikSence;1
XMind;1
Autodesk СПДС Модуль;1
Catie V5;1
Figma;1
Финансовый менеджмент;1
Деловая этика;1
основы теории вероятности;1
Markdown;1
sciki-learn;1
Autoencoder;1
U-Net;1
теория вероятностей;1
Работа над крупными проектами;1
Joblib;1
Самообучаемость;1
трудолюбие;1
Lean Six Sigma;1
Operations Management;1
Base SAS;1
Procurement and negotiating skills;1
Statistical testing;1
Основы статистики и теории вероятности;1
Product analysis;1
Большое желание развиваться в области Data Science;1
Английский – Intermediate;1
Опыт выступлений и презентации;1
Maplotlib;1
MatplotLIb;1
Typescript;1
Дисциплинированность;1
Адаптивность;1
Чувство Юмора;1
NLP (Natural Language Processing);1
Когнитом;1
Семантический поиск;1
Извлечение знаний;1
Игровая аналитика;1
Обучающие системы;1
Базы знаний;1
Системы мониторинга;1
Выявление аномалий;1
Anomaly Detection;1
Информационно-аналитические системы;1
Теория Функциональных Систем;1
MSSQL;1
Knowledge Acquisition;1
Knowledge Processing;1
Artifitial Intelligence;1
Oracle Cloud Infrastructure;1
Selenuim;1
HTML5/CSS;1
Swagger;1
Async Python;1
Система компьютерной алгебры WxMaxima;1
datascience;1
HTML, CSS,;1
StatSoft;1
Английский язык B1 чтение технической литературы;1
Основы Machine learning;1
Express;1
React Native;1
DialogFlow;1
Сборка ПК;1
scikit-image;1
scitik-learn;1
Windows Server 2003;1
Statistical Data Analysis;1
"python3; pyspark, pandas";1
"Алгоритмы и структуры данных;";1
"C++; C";1
scikitlearn;1
Medical image analysis;1
Dataa Analysis;1
Detection System;1
Опыт работы с программами для автоматической обработки звучащей речи (Speech Analyzer, Cool);1
Опыт работы в среде STATISTICA;1
Опыт работы с программой для дискурсивной размети (ELAN);1
Опыт работы с программами для автоматической обработки текста (FOMA, GATE, Tomita);1
C#: знание базового синтаксиса и основных операций;1
Python: использование библиотек sklearn, NumPy, SciPy, matplotlib, NLTK, spaCy, networks;1
Silverlight;1
MS SSIS;1
Легко обучаюсь;1
SWIFT;1
Разработка алгоритмов;1
Английский язык (Upper-Intermediate);1
Python(Pandas, NumPy, SciPy, Matplotlib, Scikit-learn, Requests, Lxml, statsmodels, TensorFlow);1
MRP;1
Научное исследование;1
ABC analysis;1
Прямые продажи;1
Активные продажи;1
исполнение поручений руководителя;1
Работа с клиентами;1
Планирование продаж;1
Общая психология;1
Microsoft Office 365;1
Computer troubleshooting;1
Численные исследования;1
DL(TensorFlow and keras and pytorch);1
nlp (natural language processing);1
Data Structures;1
Tenserflow;1
Notepad++;1
Kubernetes;1
Zabbix;1
Целеустремленный;1
Обучаемый;1
Работоспособный;1
Ответственный;1
Языки программирования С++, Python, R;1
Обладаю аналитическими способностями;1
Cloud Stack;1
Golang (Go);1
DL(TensorFlow and pytorch);1
text to speech;1
MATLAB/SQL/Git;1
parallel computing MPI, Cuda;1
Python and R;1
Applied mathematics and mathematical statistics;1
Pentaho DI;1
Informatica Powercenter;1
HTML/CSS;1
Разработка C#;1
Разработка frontend;1
Разработка на Java;1
JDBC;1
Oracle 12c;1
Swing;1
Willingness to learn;1
YOLO;1
Windows Server 2008 R2;1
Microsoft Access;1
Oktell;1
Data processing;1
Критическое мышление;1
Adobe;1
Графический дизайн;1
язык R;1
Кватернионы;1
Углы Эйлера;1
Прикладная математика;1
Applied Maths;1
object detection;1
convolutional neural network;1
3D, Autocad, T-FLEX, Microsoft Excel, Microsoft Word, Python Programming, Solidworks;1
Модель системы принятия решений для ИИ;1
Система принятия решений;1
Цифровая Психика;1
Создание творческих коллективов;1
Опыт руководства;1
Доскональное знание Психики;1
Информационная модель Психики.;1
Wolfram;1
Технический английский;1
Желание учиться;1
feature;1
Tesorflow (basic);1
SAP BO;1
DeepLerning;1
Технология производства;1
GIMP;1
Поисковые системы;1
numpy, sklearn, matplotlib;1
statsmodels, pytest, keras, tensorflow;1
Спортивное программирование;1
Pymorphy2;1
Эконометрическое моделирование на языке R;1
Econometrics (R).;1
Topic Model;1
Data Visualization (DataViz);1
Нарративная психология;1
Мотивация;1
искусственные нейронные сети;1
системный администратор;1
Групповое обучение;1
Педантичность;1
metrics;1
machine learning for data science;1
Разработка нового продукта;1
Watson Assistant;1
Паттерны проектирования;1
Болею за свое дело;1
Знание основных алгоритмов и структур данных;1
Знание принципов асинхронного, многопоточного, параллельного программирования;1
JS, HTML, CSS;1
Knime;1
Цифровая обработка речевых сигналов;1
Aris Express;1
SparkR;1
Sclearn;1
Randomforest;1
AntiFraud;1
T-shaped;1
Algorithms and Data structures;1
Software engineering;1
Embeddings;1
Computer Vision (CV);1
Artificial Intelligence (AI);1
Data Engeneering;1
Predictive Maintenance;1
Neural Networks(CNN);1
python sklearn;1
python scipy;1
python-pandas;1
python-numpy;1
Oracle18c;1
Oracle 12C;1
computer vision (CV);1
структуры данных и алгоритмы;1
Гибкость;1
ML/DL;1
Computer Vision, Machine Learning, Data Science;1
технический английский;1
Data Processing;1
MS Acces;1
DBMS;1
Decision And Risk Analytics;1
Начальные знания: Hadoop, HBase, Hive, Spark;1
Quantitative skills (graduate Program in Quantitative Analysis in Center of Mathematical Finance);1
1 Group Faculty of Economics, Lomonosov Moscow State University;1
компьютерная лингвистика;1
XMLSpy;1
Oxygen Xml Editor;1
ms azure ml;1
Anomaly detection;1
Industry 4.0;1
IoT;1
Aspen HYSYS;1
Optimal control;1
Свёрточные нейронные сети;1
Работа с эмбеддингами;1
Supervised learning;1
SQLAlchemy;1
figma;1
Cartography;1
Remote Sensing;1
ENVI;1
GPS;1
Apache Pig;1
Mathematical Biology;1
Debian;1
Redhat;1
RHEL;1
Linux Server Administration;1
Rlang;1
Trading analytics;1
Plot.ly;1
QuantConnect;1
TradingView;1
Quantitative Finance;1
Tornado;1
Word embedding;1
MS teams;1
1С: Предприятие 7;1
прикладная математика (теория вероятности, статистика);1
Методы визуализации данных (matplotlib, seaborn);1
Библиотеки Numpy и Pandas;1
splunk;1
анализ данных, Oracle BI,;1
алгоритмы и структуры данных;1
теория вероятностей и математическая статистика;1
Pandas, numpy, scipy, matplotlib;1
Seleniunm;1
Epsilon Generating Language;1
Языковое моделирование;1
Credit Scoring;1
Нейронный перевод;1
Глубинные нейросети;1
Знание бухучета и бухгалтерии;1
Знание Phyton;1
Финансовые инструменты (рынок ценных бумаг);1
Знание Exel;1
SWOT анализ;1
XYZ-анализ;1
работа со статистикой;1
Справедливость;1
Администрирование процесса обучения;1
Хранилища данных;1
Обработка текстов;1
Описательная статистика;1
Лемматизация;1
Advanced statistics;1
histopathological imaging;1
NIFTI;1
DICOM;1
ITK;1
Компьютерная томография;1
Биологические исследования;1
Biomarkers;1
Medical imaging;1
IT Consulting;1
Predictive models;1
Tumor;1
Amazon web services;1
Fraud Detection;1
Quick learning skills;1
Striving for professional development;1
Responsibility;1
Модели машинного обучения;1
преподавательская деятельность;1
Желание расти и обучаться;1
Data scientist;1
Работа с оргтехникой;1
scikit Learn;1
highcharts;1
shiny;1
Melsoft iQ Works (Mitsubishi PLC);1
Wonderware System Platform;1
ePLAN Electric P8;1
АСУ ТП;1
Производство пусконаладочных работ;1
CODESYS;1
Js;1
Python, SQL, VBA;1
knowledge graphs;1
Маркетинговые коммуникации;1
ArchiMate;1
Codeforces;1
python 3;1
C++17;1
Algorithms & Data structures;1
Support Vector Machine;1
SAS Programming;1
Model Development;1
Data Visualization and Graphics;1
Market Risk Modeling;1
Quantitative Methods in Finance;1
Monte Carlo Simulation;1
Cointegration;1
классификация и регрессионные модели;1
Бизнес-консультирование;1
Организационное развитие;1
Переговоры;1
Дизайн;1
MxNet;1
Python Programming;1
JupiterNotebooks;1
технический анализ рынков;1
трейдинг на NYSE, CME;1
написание аналитических обзоров;1
Topic Modelling;1
баесовские сети;1
работа с рекомендательными системами;1
Знание основ глубинного обучения;1
Pattern recognition;1
Machine vision;1
data;1
Регресионное тестирование;1
Readymag;1
базовые знания Python;1
язык программирования R;1
Программы лояльности;1
Аналитика на Python;1
прикладная математика;1
Быстро обучаюсь;1
Опыт работы в Photoshop;1
Знания Python на уровне Junior - разработчика;1
Jinja;1
Microsoft;1
Data-Science;1
yargy;1
jupyter-notebook;1
Default Loss Distributions;1
Survival Analysis;1
Model Validation;1
Openpyxl;1
pharminformatics;1
chemoinformatics;1
bioinformatics;1
Chemistry;1
Data Mining: Comcon;1
Data;1
nampy;1
FoxPro;1
FAISS;1
Redash;1
Python, Jupiter Notebook, SQL, CSV, XML, XLS, numpy, pandas, matplotlib, re, seaborn, scipy, sklearn;1
Компас;1
Теор.вер.;1
Data cleaning;1
Быстрая печать;1
Финансовая математика;1
VSCode;1
Реклама;1
Проведение рекламных кампаний;1
BTL;1
Аудит;1
Проведение промо акций;1
Организация промо акций;1
Pyside;1
PyQt;1
Linear algebra;1
Leadership;1
Ensemble methods;1
Surprise;1
Молекулярный докинг;1
AutoDock Vina;1
backend;1
rdkit;1
backend developer;1
опыт в создании программ предиктивной аналитики;1
профессиональное знание математики;1
Ipython;1
Внимание к деталям;1
NER;1
Word Embedding;1
wav2letter;1
ASR;1
Speech recognition;1
kaldi;1
deepspeech;1
ComputerVision;1
ReinforcementLearning;1
Power User;1
Знание алгоритмов машинного обучения;1
Знание математической статистики, комбинаторики, А/Б тестирования;1
Опыт работы с SQL, BLOOMBERG, Microsoft office;1
Знание языков программирования R и Python;1
Sony Vegas;1
Обработка видео;1
Cv2;1
Oracle Database;1
Навыки разрешения спорных ситуаций;1
Умение вести переговоры;1
Yargy;1
ТВ;1
MATH;1
openbabel;1
Data Factory;1
Mobx;1
DigitalOcean;1
критически мыслить,;1
MLLIB;1
randomForest;1
mongoose;1
Sequelize;1
Обработка сигналов;1
Python 3.x;1
Активность;1
Изучение новых технологий;1
Управление;1
Репозиторий с решением задач на kaggle, и проч. https://github.com/sergbill;1
Постоянное совершенствование навыков, работоспособность, ответственность;1
Испанский язык;1
data science basics;1
умение работать в команде;1
Mathematical Optimization;1
SQL (MongoDB, MySQL);1
IBM cognos;1
IBM Rational Performance Tester;1
CorelDRAW Photo Draw;1
Aiohttp;1
Asyncio;1
Делопроизводство;1
Lotus Domino;1
Терпимость;1
Знание языка Python;1
PlotLy;1
Beautifulsoup;1
LTE DataFlow;1
udpipe;1
rnnmorph;1
культура кода;1
SAP CRM;1
HPSM;1
Документооборот;1
Dokku;1
Telegram;1
Product Analysis;1
Julia;1
Data Manipulation;1
Consumer Lending;1
Risks assessment;1
credit scoring;1
GANs;1
Программироваие;1
Внедрение систем информационной безопасности;1
Администрирование linux;1
Pentaho Data Integration;1
Informatica Data Integration;1
MLFlow;1
Jupyther Notebooks;1
machine learning, ML;1
Data Analyst;1
Excel VBA;1
Financial Modeling;1
Дистанционное обучение;1
TypeScript;1
Assembly language;1
CMake;1
обучаемость;1
TF;1
Понимание методик и классификаций уязвимостей и рекомендаций CVE, CVSS;1
Стремление самостоятельно изучать новые и перспективные решения на рынке ИБ;1
Навыки работы с программным обеспечением входящим в состав ОС Kali Linux;1
mystem;1
pymorth;1
Тематическое моделирование;1
Codeigniter;1
Управление рисками;1
Neural networks basics;1
Machine learning algorithm;1
Windows Os;1
Опыт в области машинного обучения;1
Modeling;1
Operations Research;1
Simulation;1
Анализ конкурентной среды;1
Анализ изображения;1
Анализ текстовых данных;1
Многомерный анализ данных;1
Теория вероятностей и математическая статистика;1
Python(numpy, pandas, matplotlib);1
Excel визуализация данных, ВПР, сводные таблицы;1
Typing skills;1
git/github;1
sqlalchemy;1
Алгоритмизация;1
Redmine;1
Модульное тестирование;1
Data Preprocessing;1
Classification Algorithms;1
SQL for data science;1
Fusion 365;1
UI Path;1
Quasar;1
Mas;1
Go(Golang);1
PMBOK;1
fraud management;1
PEP8;1
Clinical Research;1
Robot Framework;1
Dataflow;1
Apache Beam;1
Анализ данных выведение алгоритмов для улучшения показателей;1
Свободное владение английским;1
Способность работать с большими массивами информации.;1
Анализ требований;1
Постановка задач;1
Многозадачность;1
Heroku;1
Нейросети для обработки изображений и текстов;1
Основы машинного обучения;1
OpenVino;1
MobileNet;1
ResNext;1
Efficientnet;1
Google Colaboratory;1
KFold;1
Теория игр и исследование операций;1
Sci-Kit;1
SymPy;1
Уверенно владею Rstudio;1
Azure devops;1
Теория Вероятности;1
Ai;1
Business communication;1
Psychophysiology;1
EEG;1
Subversion;1
базовые навыки программирования на Python;1
